[{"code":"// youtube channel Hichem Soft","color":"#E4C121","name":"onCreate -------","typeName":"","palette":"85","type":"h","spec":"onCreate ---------"},{"code":"// youtube channel Hichem Soft\nsharedPreferences \u003d getSharedPreferences(\"fileSp\", Context.MODE_PRIVATE);\nutils \u003d new HichemSoftFileUtil(sharedPreferences, %1$s.this).loadData();\nutils.requestPermissionAllFilesAccess();//if not allowed\n\n\n","color":"#E4C121","name":"onCreate block, initialize","typeName":"","palette":"85","type":" ","spec":"Initialize onCreate android 11 %m.activity"},{"code":"","color":"#E4C121","name":"More Block -------","typeName":"","palette":"85","type":"h","spec":"More Block ---------"},{"code":"}\n// youtube channel Hichem Soft\nprivate HichemSoftFileUtil utils;\nprivate SharedPreferences sharedPreferences;\n\n @Override\n    protected void onActivityResult(int _requestCode, int _resultCode, Intent _data) {\n        super.onActivityResult(_requestCode, _resultCode, _data);\n        if (_resultCode \u003d\u003d Activity.RESULT_OK) {\n            if (_data !\u003d null) {\n                        utils.persistFolder(\n                                _data\n                        );\n            } else {\n\n            }\n        } else {\n        }\n    }\n{\n\n\n\n\n","color":"#E4C121","name":"put in More Block ","typeName":"","palette":"85","type":" ","spec":"put in More Block"},{"code":"","color":"#E4C121","name":"FileUtil all android versions -------","typeName":"","palette":"85","type":"h","spec":"FileUtil all android versions ---------"},{"code":"utils.readFile(%s)","color":"#E4C121","name":"read file path to string","typeName":"","palette":"85","type":"s","spec":"read File path %s"},{"code":"utils.writeFile(%s, %s);","color":"#E4C121","name":"write string to File path ","typeName":"","palette":"85","type":" ","spec":"write File path %s text %s"},{"code":"utils.copyFileUtil(%s, %s);\n","color":"#E4C121","name":"copy file from path to path android q","typeName":"","palette":"85","type":" ","spec":"copy File path %s to path %s (+name file)"},{"code":"utils.copyAssetFile(%s, %s);\n","color":"#E4C121","name":"copy one asset file to storage","typeName":"","palette":"85","type":" ","spec":"copy asset File Name %s to path %s"},{"code":"utils.copyAssetsFolder(%s, %s);\n","color":"#E4C121","name":"copy folder assets to storage","typeName":"","palette":"85","type":" ","spec":"copy folder assets name %s to path %s"},{"code":"utils.isDirectory(%s)","color":"#E4C121","name":"isDirectory","typeName":"","palette":"85","type":"b","spec":"isDirectory path %s"},{"code":"utils.listDir(%s, %s);","color":"#E4C121","name":"list files in listString","typeName":"","palette":"85","type":" ","spec":"listDir path %s listString %m.listStr"},{"code":"utils.deleteFile(%s);","color":"#E4C121","name":"delete file","typeName":"","palette":"85","type":" ","spec":"delete File path %s"},{"code":"utils.makeDir(%s);","color":"#E4C121","name":"create directory","typeName":"","palette":"85","type":" ","spec":"makeDir path %s"},{"code":"utils.makeFile(%s);","color":"#E4C121","name":"create file in storage","typeName":"","palette":"85","type":" ","spec":"makeFile path %s"},{"code":"","color":"#E4C121","name":"Additional blocksstring -------","typeName":"","palette":"85","type":"h","spec":"Additional blocksstring -------"},{"code":"utils.getFullPathFromTreeUri(%s)","color":"#E4C121","name":"get full path from tree uri","typeName":"","palette":"85","type":" ","spec":"get full path from TreeUri Uri %s.inputOnly"}]